source,caption,timestamp,likes,comments,shares,saves,plays,accounts_reached,word_count,hashtag_count,is_long_caption,is_trial_reel,content_type,hour,weekday,month,is_duplicate_caption,likes_per_view,comments_per_view,shares_per_view,saves_per_view
post,Need more gym clothes 😫😫 I'm running out #gymselfie #gymmotivation,2025-05-05 14:53:02-07:00,116,4,17,92,2824,2525,9,2,False,False,other,14,Monday,May,False,0.04107648725212465,0.00141643059490085,0.0060198300283286115,0.032577903682719546
post,Back + Biceps complete 💪 #gym #gymlife,2025-04-29 14:26:40-07:00,154,3,45,158,3813,3434,6,2,False,False,workout,14,Tuesday,April,False,0.04038814581694204,0.0007867820613690008,0.011801730920535013,0.04143718856543404
post,All black outfit 🖤,2025-04-26 11:17:52-07:00,111,3,26,131,3428,3136,3,0,False,False,other,11,Saturday,April,False,0.0323803967327888,0.0008751458576429405,0.007584597432905484,0.0382147024504084
post,Fit for the day 💅✨,2025-04-20 22:55:52-07:00,104,3,17,113,3119,2847,4,0,False,False,other,22,Sunday,April,False,0.03334402051939724,0.0009618467457518436,0.0054504648925937805,0.036229560756652776
reel,"Proof that progress powers confidence.
From 67 kg to 59 kg this isn't just a weight change, it's a whole glow-up.

You can see it in my posture, my poses, my smile. I started showing up as her, hair done, makeup on, wearing outfits I used to shy away from.

But more than anything, I finally feel comfortable in my own body. This is what happens when you choose yourself, stay consistent, and let confidence grow with every step 🫶

#weightlosstransformation #glowupjourney #girlswholift",2025-07-28 00:16:50-07:00,495,18,52,111,10020,9031,82,3,True,False,other,0,Monday,July,True,0.04940119760479042,0.0017964071856287425,0.005189620758483034,0.011077844311377245
reel,"Proof that progress powers confidence.
From 67 kg to 59 kg this isn't just a weight change, it's a whole glow-up.

You can see it in my posture, my poses, my smile. I started showing up as her, hair done, makeup on, wearing outfits I used to shy away from.

But more than anything, I finally feel comfortable in my own body. This is what happens when you choose yourself, stay consistent, and let confidence grow with every step 🫶

#weightlosstransformation #glowupjourney #girlswholift",2025-07-28 00:13:52-07:00,49,0,19,15,2698,2584,82,3,True,True,other,0,Monday,July,True,0.01816160118606375,0.0,0.007042253521126761,0.005559673832468495
reel,"Proof that progress powers confidence.
From 67 kg to 59 kg this isn't just a weight change, it's a whole glow-up.

You can see it in my posture, my poses, my smile. I started showing up as her, hair done, makeup on, wearing outfits I used to shy away from.

But more than anything, I finally feel comfortable in my own body. This is what happens when you choose yourself, stay consistent, and let confidence grow with every step 🫶

#weightlosstransformation #glowupjourney #girlswholift",2025-07-28 00:13:15-07:00,122,0,44,32,3811,3618,82,3,True,True,other,0,Monday,July,True,0.03201259511939124,0.0,0.011545526108632905,0.00839674626082393
reel,"Proof that progress powers confidence.
From 67 kg to 59 kg this isn't just a weight change, it's a whole glow-up.

You can see it in my posture, my poses, my smile. I started showing up as her, hair done, makeup on, wearing outfits I used to shy away from.

But more than anything, I finally feel comfortable in my own body. This is what happens when you choose yourself, stay consistent, and let confidence grow with every step 🫶

#weightlosstransformation #glowupjourney #girlswholift",2025-07-28 00:12:47-07:00,104,1,23,21,3985,3789,82,3,True,True,other,0,Monday,July,True,0.026097867001254705,0.0002509410288582183,0.005771643663739021,0.005269761606022585
reel,"4-Ingredient High-Protein Mango Smoothie 🍹💪

Quick, creamy, and packed with protein:

🥭 1 mango
🥛 1/2 cup whole milk
🍦 1/2 cup Greek yogurt
💪 1 scoop vanilla protein (30g protein)

✨ I recommend adding a little honey for sweetness and ice to make it extra thick and refreshing!

➡️ ~425 calories | 45g protein

Want a lighter version? Swap the mango for berries to cut down the calories while keeping the protein high 👀

Perfect for post-workout or a filling snack!
.
.
#highproteinsmoothie #mangosmoothie #proteinrecipe #postworkoutfuel #healthyrecipes #smoothieideas #fitwithjevan",2025-07-26 23:43:31-07:00,102,9,7,17,4278,4229,83,7,True,False,recipe,23,Saturday,July,False,0.023842917251051893,0.0021037868162692847,0.0016362786348761104,0.003973819541841982
reel,"4-Ingredient High-Protein Mango Smoothie 🍹💪

Quick, creamy, and packed with protein:

🥭 1 mango
🥛 1/2 cup whole milk
🍦 1/2 cup Greek yogurt
💪 1 scoop vanilla protein (30g protein)

✨ I recommend adding a little honey for sweetness and ice to make it extra thick and refreshing!

➡️ ~425 calories | 45g protein

Want a lighter version? Swap the mango for berries or frozen zucchini to cut down the calories while keeping the protein high 👀

Perfect for post-workout or a filling snack!
.
.
#highproteinsmoothie #mangosmoothie #proteinrecipe #postworkoutfuel #healthyrecipes #smoothieideas",2025-07-26 23:39:06-07:00,10,2,3,3,1508,1483,85,6,True,True,recipe,23,Saturday,July,False,0.006631299734748011,0.001326259946949602,0.001989389920424403,0.001989389920424403
reel,"The best 3 exercises for glutes 🍑 
1. Hip thrust 
2. Romanian deadlift (RDL)
3. Hip abduction 
+ step ups as well 

Wearing the @gymshark @gymsharkwomen 
.
.
.
.
.
.
#gymshark #gymmotivation #gymsharkwoman #gym #girlswholift",2025-07-26 00:10:14-07:00,53,0,20,14,2173,2161,36,5,False,True,workout,0,Saturday,July,True,0.024390243902439025,0.0,0.009203865623561895,0.006442705936493327
reel,"The best 3 exercises for glutes 🍑 
1. Hip thrust 
2. Romanian deadlift (RDL)
3. Hip abduction 
+ step ups as well 

Wearing the @gymshark @gymsharkwomen 
.
.
.
.
.
.
#gymshark #gymmotivation #gymsharkwoman #gym #girlswholift",2025-07-26 00:08:00-07:00,430,12,69,137,9016,8924,36,5,False,False,workout,0,Saturday,July,True,0.04769299023957409,0.0013309671694764862,0.007653061224489796,0.015195208518189885
reel,"One thing about me… if I'm not wearing the brightest colours in the gym, I'm probably not having a good workout 😂

I'm literally the only one showing up in hot pink pants, so yeah I'm definitely getting some stares and probably a few people wondering if I'm okay 🤣🤣

I just love dressing up, it boosts my mood, keeps things fun, and honestly makes the gym feel like my runway.
.
.
.
@gymshark @gymsharkwomen @gymsharklifting 
#girlswholift #gym #gymmotivation #womenwholift #gymlife #girlpower #weightlosstransformation",2025-07-25 00:28:56-07:00,4446,68,4785,2431,216009,210499,82,7,True,False,workout,0,Friday,July,True,0.02058247573017791,0.0003148016980773949,0.022151854783828452,0.011254160706266869
reel,"One thing about me… if I'm not wearing the brightest colours in the gym, I'm probably not having a good workout 😂

I'm literally the only one showing up in hot pink pants, so yeah I'm definitely getting some stares and probably a few people wondering if I'm okay 🤣🤣

I just love dressing up, it boosts my mood, keeps things fun, and honestly makes the gym feel like my runway.
.
.
.
@gymshark @gymsharkwomen @gymsharklifting 
#girlswholift #gym #gymmotivation #womenwholift #gymlife #girlpower #weightlosstransformation",2025-07-25 00:11:01-07:00,1328,20,2632,808,62789,62570,82,7,True,True,workout,0,Friday,July,True,0.02115020146841007,0.00031852713054834447,0.04191817038016213,0.012868496074153116
reel,"Come with me to do upper body (shoulders, triceps and chest focus) 💟 

1. Shoulder Press - 3 sets x 10, 8, 6
2. Lateral raises - 3 sets x 10, 8, 6
3. Bench Press - 3 sets of 10, 8, 6
4. Tricep Pushdown - 3 sets of 10, 8, 6
6. Cardio - Treadmill (15 minutes) 

(My form isn't perfect but I am putting in the effort to make sure it is one day) 

Wearing the @gymshark @gymsharkwomen energized seamless leggings 
.
.
.
.
.
.
#gymshark #gymmotivation #gymsharkwoman #gym #girlswholift",2025-07-23 23:58:51-07:00,415,17,61,137,15108,14360,94,5,True,False,workout,23,Wednesday,July,True,0.027468890653958168,0.0011252316653428648,0.004037595975642044,0.009068043420704263
reel,"Come with me to do upper body (shoulders, triceps and chest focus) 💟 

1. Shoulder Press - 3 sets x 10, 8, 6
2. Lateral raises - 3 sets x 10, 8, 6
3. Bench Press - 3 sets of 10, 8, 6
4. Tricep Pushdown - 3 sets of 10, 8, 6
6. Cardio - Treadmill (15 minutes) 

(My form isn't perfect but I am putting in the effort to make sure it is one day) 

Wearing the @gymshark @gymsharkwomen energized seamless leggings 
.
.
.
.
.
.
#gymshark #gymmotivation #gymsharkwoman #gym #girlswholift",2025-07-23 23:54:17-07:00,29,0,3,8,1739,1757,94,5,True,True,workout,23,Wednesday,July,True,0.01667625071880391,0.0,0.0017251293847038527,0.004600345025876941
reel,"6 months. 8 kgs down. Countless lessons gained.

This is my transformation from January to July and it's not just about the weight I lost, but the discipline I built, the mindset I rewired, and the confidence I earned.

It wasn't always easy. I wasn't always motivated. But I showed up for me.

Every month is a version of me who kept going, even on the hard days.
It's not impossible. You just have to start.

📍 Jan 1 – 148.8 lbs
📍 Jul 1 – 130.7 lbs
Total: 18.1 lbs / 8.2 kg down",2025-07-22 22:58:51-07:00,63,0,20,18,2671,2691,93,0,True,True,transformation,22,Tuesday,July,True,0.02358667165855485,0.0,0.007487832272557095,0.0067390490453013855
reel,"6 months. 8 kgs down. Countless lessons gained.

This is my transformation from January to July and it's not just about the weight I lost, but the discipline I built, the mindset I rewired, and the confidence I earned.

It wasn't always easy. I wasn't always motivated. But I showed up for me.

Every month is a version of me who kept going, even on the hard days.
It's not impossible. You just have to start.

📍 Jan 1 – 148.8 lbs
📍 Jul 1 – 130.7 lbs
Total: 18.1 lbs / 8.2 kg down",2025-07-22 22:58:13-07:00,929,30,320,374,27084,25780,93,0,True,False,transformation,22,Tuesday,July,True,0.03430069413675971,0.0011076650420912715,0.011815093782306897,0.013808890858071186
reel,"They talk behind your back because you're doing what they won't. Keep showing up. Let your discipline speak louder than their words.
.
.
.
.
.
#girlswholift #gym #gymmotivation #womenwholift #gymlife #weightlosstransformation",2025-07-22 00:52:10-07:00,380,13,104,148,17430,17016,33,6,False,False,other,0,Tuesday,July,True,0.021801491681009755,0.0007458405048766495,0.005966724039013196,0.008491107286288008
reel,"They talk behind your back because you're doing what they won't. Keep showing up. Let your discipline speak louder than their words.
.
.
.
.
.
#girlswholift #gym #gymmotivation #womenwholift #gymlife #weightlosstransformation",2025-07-22 00:39:43-07:00,31,0,17,13,1940,1932,33,6,False,True,other,0,Tuesday,July,True,0.015979381443298968,0.0,0.008762886597938144,0.006701030927835051
reel,"They talk behind your back because you're doing what they won't. Keep showing up. Let your discipline speak louder than their words.
.
.
.
.
.
#girlswholift #gym #gymmotivation #womenwholift #gymlife #weightlosstransformation",2025-07-22 00:39:00-07:00,13,0,5,5,1454,1448,33,6,False,True,other,0,Tuesday,July,True,0.008940852819807428,0.0,0.0034387895460797797,0.0034387895460797797
reel,"They talk behind your back because you're doing what they won't. Keep showing up. Let your discipline speak louder than their words.
.
.
.
.
.
#girlswholift #gym #gymmotivation #womenwholift #gymlife #weightlosstransformation",2025-07-22 00:38:27-07:00,20,0,1,9,1622,1619,33,6,False,True,other,0,Tuesday,July,True,0.012330456226880395,0.0,0.0006165228113440197,0.005548705302096177
reel,"They talk behind your back because you're doing what they won't. Keep showing up. Let your discipline speak louder than their words.
.
.
.
.
.
#girlswholift #gym #gymmotivation #womenwholift #gymlife #weightlosstransformation",2025-07-22 00:38:00-07:00,31,0,20,12,1997,1972,33,6,False,True,other,0,Tuesday,July,True,0.015523284927391086,0.0,0.010015022533800702,0.006009013520280421
reel,"They talk behind your back because you're doing what they won't. Keep showing up. Let your discipline speak louder than their words.
.
.
.
.
.
#girlswholift #gym #gymmotivation #womenwholift #gymlife #weightlosstransformation",2025-07-22 00:37:30-07:00,64,0,74,31,3258,3269,33,6,False,True,other,0,Tuesday,July,True,0.019643953345610803,0.0,0.022713321055862493,0.009515039901780233
reel,"They talk behind your back because you're doing what they won't. Keep showing up. Let your discipline speak louder than their words.
.
.
.
.
.
#girlswholift #gym #gymmotivation #womenwholift #gymlife #weightlosstransformation",2025-07-22 00:37:01-07:00,23,1,9,6,1502,1513,33,6,False,True,other,0,Tuesday,July,True,0.015312916111850865,0.0006657789613848203,0.005992010652463382,0.0039946737683089215
reel,"They talk behind your back because you're doing what they won't. Keep showing up. Let your discipline speak louder than their words.
.
.
.
.
.
#girlswholift #gym #gymmotivation #womenwholift #gymlife #weightlosstransformation",2025-07-22 00:36:27-07:00,35,0,22,12,1904,1835,33,6,False,True,other,0,Tuesday,July,True,0.01838235294117647,0.0,0.011554621848739496,0.0063025210084033615
reel,"They talk behind your back because you're doing what they won't. Keep showing up. Let your discipline speak louder than their words.
.
.
.
.
.
#girlswholift #gym #gymmotivation #womenwholift #gymlife #weightlosstransformation",2025-07-22 00:35:57-07:00,29,0,12,10,1334,1339,33,6,False,True,other,0,Tuesday,July,True,0.021739130434782608,0.0,0.008995502248875561,0.0074962518740629685
reel,"They talk behind your back because you're doing what they won't. Keep showing up. Let your discipline speak louder than their words.
.
.
.
.
.
#girlswholift #gym #gymmotivation #womenwholift #gymlife #weightlosstransformation",2025-07-22 00:35:20-07:00,31,1,22,9,1795,1789,33,6,False,True,other,0,Tuesday,July,True,0.017270194986072424,0.0005571030640668524,0.012256267409470752,0.005013927576601671
reel,"They talk behind your back because you're doing what they won't. Keep showing up. Let your discipline speak louder than their words.
.
.
.
.
.
#girlswholift #gym #gymmotivation #womenwholift #gymlife #weightlosstransformation",2025-07-22 00:34:52-07:00,36,1,26,20,2341,2335,33,6,False,True,other,0,Tuesday,July,True,0.015378043571123452,0.00042716787697565144,0.011106364801366937,0.00854335753951303
reel,"They talk behind your back because you're doing what they won't. Keep showing up. Let your discipline speak louder than their words.
.
.
.
.
.
#girlswholift #gym #gymmotivation #womenwholift #gymlife #weightlosstransformation",2025-07-22 00:34:19-07:00,54,3,16,15,2695,2656,33,6,False,True,other,0,Tuesday,July,True,0.020037105751391466,0.0011131725417439704,0.005936920222634508,0.0055658627087198514
reel,"They talk behind your back because you're doing what they won't. Keep showing up. Let your discipline speak louder than their words.
.
.
.
.
.
#girlswholift #gym #gymmotivation #womenwholift #gymlife #weightlosstransformation",2025-07-22 00:31:39-07:00,54,0,43,28,3391,3384,33,6,False,True,other,0,Tuesday,July,True,0.015924506045414333,0.0,0.012680625184311413,0.008257151282807431
reel,"What I wish I knew before I started lifting:
	1.	All progress starts with not knowing what you're doing. Everyone starts confused, lost, and unsure and that's okay.
	2.	You can't outtrain inconsistency. Discipline is what builds results. 
	3.	It's supposed to be hard. But so is feeling stuck in a body you're not proud of. Choose your hard.

If you're just starting, keep going.",2025-07-20 01:00:37-07:00,471,12,85,150,19114,18200,65,0,True,False,transformation,1,Sunday,July,True,0.024641623940567122,0.0006278120749189076,0.004447002197342263,0.007847650936486344
reel,"What I wish I knew before I started lifting:
	1.	All progress starts with not knowing what you're doing. Everyone starts confused, lost, and unsure and that's okay.
	2.	You can't outtrain inconsistency. Discipline is what builds results. 
	3.	It's supposed to be hard. But so is feeling stuck in a body you're not proud of. Choose your hard.

If you're just starting, keep going.",2025-07-20 00:56:44-07:00,57,1,21,22,2660,2657,65,0,True,True,transformation,0,Sunday,July,True,0.02142857142857143,0.00037593984962406017,0.007894736842105263,0.008270676691729323
reel,"Strong leg day incoming 💥
	1.	Leg Extensions — 3 sets: 10, 6, 4 reps
	2.	Hack Squat — 3 sets: 10, 6, 4 reps
	3.	Leg Press — 3 sets: 10, 6, 4 reps
	4.	Calf Raises — 3 sets: 10, 6, 4 reps
	5.	Cardio Finisher — 15 min treadmill walk (2.5 mph, 6.0 incline)
.
.
.
.
.
@gymshark #girlswholift #gym #gymmotivation #womenwholift #gymlife #weightlosstransformation #girlpower",2025-07-19 00:17:02-07:00,1432,21,331,653,31327,29271,69,7,True,False,workout,0,Saturday,July,False,0.04571136719124078,0.000670348261882721,0.010565965461103841,0.020844638809972227
reel,"Strong leg day incoming 💥
	1.	Leg Extensions — 3 sets: 10, 6, 4 reps
	2.	Hack Squat — 3 sets: 10, 6, 4 reps
	3.	Leg Press — 3 sets: 10, 6, 4 reps
	4.	Calf Raises — 3 sets: 10, 6, 4 reps
	5.	Cardio Finisher — 15 min treadmill walk (2.5 mph, 6.0 incline)
.
.
.
.
.
#girlswholift #gym #gymmotivation #womenwholift #gymlife #weightlosstransformation #girlpower",2025-07-19 00:11:53-07:00,98,0,60,47,4037,4010,68,7,True,True,workout,0,Saturday,July,False,0.0242754520683676,0.0,0.014862521674510775,0.01164230864503344
reel,"Everyone always asks how I did it but no one ever asks why.

The truth is, I didn't change just for physical reasons. I changed because I was constantly surrounded by the wrong people.

My habits became unhealthy. My mindset became negative. And slowly, I started becoming someone I didn't recognize. And I knew if I didn't do something, I'd stay stuck.

So I decided to take control. To let go of the people and situations that were dragging me down. To create a space where I could grow and feel proud of who I was becoming.

Your environment is everything. Who you choose to surround yourself with shapes your mindset, your actions, and your future.

So choose people who make you better not bitter.",2025-07-18 00:41:51-07:00,62,0,20,29,3394,3259,125,0,True,True,other,0,Friday,July,True,0.018267530936947555,0.0,0.0058927519151443725,0.00854449027695934
reel,"Everyone always asks how I did it but no one ever asks why.

The truth is, I didn't change just for physical reasons. I changed because I was constantly surrounded by the wrong people.

My habits became unhealthy. My mindset became negative. And slowly, I started becoming someone I didn't recognize. And I knew if I didn't do something, I'd stay stuck.

So I decided to take control. To let go of the people and situations that were dragging me down. To create a space where I could grow and feel proud of who I was becoming.

Your environment is everything. Who you choose to surround yourself with shapes your mindset, your actions, and your future.

So choose people who make you better not bitter.
.
.
.
.
.
#girlswholift #gym #gymmotivation #womenwholift #gymlife #weightlosstransformation #girlpower",2025-07-18 00:23:30-07:00,695,19,198,240,25354,24666,137,7,True,False,other,0,Friday,July,False,0.02741184822907628,0.0007493886566222293,0.007809418632168494,0.009465961978386053
reel,"Everyone always asks how I did it but no one ever asks why.

The truth is, I didn't change just for physical reasons. I changed because I was constantly surrounded by the wrong people.

My habits became unhealthy. My mindset became negative. And slowly, I started becoming someone I didn't recognize. And I knew if I didn't do something, I'd stay stuck.

So I decided to take control. To let go of the people and situations that were dragging me down. To create a space where I could grow and feel proud of who I was becoming.

Your environment is everything. Who you choose to surround yourself with shapes your mindset, your actions, and your future.

So choose people who make you better not bitter.",2025-07-18 00:20:44-07:00,33,0,9,11,1821,1811,125,0,True,True,other,0,Friday,July,True,0.018121911037891267,0.0,0.004942339373970346,0.0060406370126304225
reel,"Everyone always asks how I did it but no one ever asks why.

The truth is, I didn't change just for physical reasons. I changed because I was constantly surrounded by the wrong people.

My habits became unhealthy. My mindset became negative. And slowly, I started becoming someone I didn't recognize. And I knew if I didn't do something, I'd stay stuck.

So I decided to take control. To let go of the people and situations that were dragging me down. To create a space where I could grow and feel proud of who I was becoming.

Your environment is everything. Who you choose to surround yourself with shapes your mindset, your actions, and your future.

So choose people who make you better not bitter.",2025-07-18 00:19:21-07:00,40,0,20,5,2797,2776,125,0,True,True,other,0,Friday,July,True,0.014301036825169824,0.0,0.007150518412584912,0.001787629603146228
reel,"Everyone always asks how I did it but no one ever asks why.

The truth is, I didn't change just for physical reasons. I changed because I was constantly surrounded by the wrong people.

My habits became unhealthy. My mindset became negative. And slowly, I started becoming someone I didn't recognize. And I knew if I didn't do something, I'd stay stuck.

So I decided to take control. To let go of the people and situations that were dragging me down. To create a space where I could grow and feel proud of who I was becoming.

Your environment is everything. Who you choose to surround yourself with shapes your mindset, your actions, and your future.

So choose people who make you better not bitter.",2025-07-18 00:18:26-07:00,541,4,384,249,50376,50476,125,0,True,True,other,0,Friday,July,True,0.010739240908369065,7.940289026520565e-05,0.007622677465459742,0.004942829919009052
reel,"They'll see the body. The progress. The glow-up.
But they won't see the early mornings, the sore muscles, the skipped parties, or the days you showed up when you had every reason not to.

If you're in the middle of it right now, feeling tired or stuck, keep going. Every rep, every choice, every hard day is building something they'll never understand…
Until they see it.

It will be worth it. Stay locked in. 💪
.
.
.
.
.
#girlswholift #gym #gymmotivation #womenwholift #weightlosstransformation",2025-07-17 00:38:48-07:00,789,18,315,321,31279,29650,84,5,True,False,other,0,Thursday,July,False,0.025224591579014674,0.0005754659675820838,0.010070654432686467,0.010262476421880495
reel,"You don't see the planning, the meal prep, the skipped nights out, or the days I trained when I had zero motivation.

You see the results.

You don't see the discipline it took to show up every single day.",2025-07-17 00:29:19-07:00,110,3,37,18,3547,3412,39,0,False,True,other,0,Thursday,July,False,0.031012122920778123,0.0008457851705666761,0.010431350436989005,0.005074711023400056
reel,"Best 4 exercises for perfectly round glutes 🍑 
1. Hip abduction 
2. Hip thrust 
3. Romanian deadlift (RDL)
4. Step ups 

Wearing the @gymshark @gymsharkwomen 
.
.
.
.
.
.
#gymshark #gymmotivation #gymsharkwoman #gym #girlswholift",2025-07-16 00:50:48-07:00,510,12,138,313,22805,21996,35,5,False,False,workout,0,Wednesday,July,False,0.02236351677263758,0.000526200394650296,0.006051304538478404,0.01372506029379522
reel,"Best 4 exercises for perfectly round glutes 🍑 
1. Hip abduction - 3 sets x 10, 8, 6
2. Hip thrust - 3 sets x 10, 8, 6
3. Romanian deadlift - 3 sets x 10, 8, 6 
4. Step ups - 4 sets x 10, 8, 6, 6 

Wearing the @gymshark @gymsharkwomen energized seamless leggings 
.
.
.
.
.
.
#gymshark #gymmotivation #gymsharkwoman #gym #girlswholift",2025-07-16 00:48:44-07:00,23,1,7,13,1389,1374,66,5,True,True,workout,0,Wednesday,July,False,0.01655867530597552,0.0007199424046076314,0.005039596832253419,0.009359251259899209
reel,"I get comments saying I looked better before the weight loss. But before, I was tired, insecure, and uncomfortable. I may look different now, but I've never felt more like myself.
.
.
.
.
.
#girlswholift #gym #gymmotivation #womenwholift #gymlife #weightlosstransformation",2025-07-14 23:59:15-07:00,1267,36,412,757,52531,50066,42,6,False,False,transformation,23,Monday,July,False,0.024119091584017056,0.0006853096266966173,0.007842987949972397,0.014410538539148312
reel,"Yeah, I get those comments — 'you looked better before.' But before, I wasn't happy. Before, I was struggling. Before, I didn't feel like me. So no, I don't want to go back.",2025-07-14 23:46:19-07:00,1025,19,600,620,58211,57413,33,0,False,True,transformation,23,Monday,July,False,0.01760835580903953,0.00032639879060658637,0.010307330229681675,0.010650907904004399
reel,"GRWM for the night 💫 From no makeup to full glam, outfit, and all the little details. I love how it all came together. Feeling cute and ready to go 💋",2025-07-13 22:50:14-07:00,36,0,16,6,1805,1803,29,0,False,True,other,22,Sunday,July,True,0.019944598337950138,0.0,0.00886426592797784,0.0033240997229916896
reel,"GRWM for the night 💫 From no makeup to full glam, outfit, and all the little details. I love how it all came together. Feeling cute and ready to go 💋",2025-07-13 22:46:49-07:00,627,25,121,144,24525,23500,29,0,False,False,other,22,Sunday,July,True,0.025565749235474007,0.0010193679918450561,0.0049337410805300715,0.005871559633027523
reel,"GRWM for the night 💫 From no makeup to full glam, outfit, and all the little details. I love how it all came together. Feeling cute and ready to go 💋",2025-07-13 22:45:21-07:00,26,1,9,8,1896,1820,29,0,False,True,other,22,Sunday,July,True,0.013713080168776372,0.0005274261603375527,0.004746835443037975,0.004219409282700422
reel,"Proof that staying consistent, even when no one's watching, is what really changes you.
.
.
.
.
.
.
#girlswholift #gym #gymmotivation #womenwholift #gymlife #weightlosstransformation #girlpower",2025-07-12 00:27:28-07:00,670,17,141,181,28590,27359,27,7,False,False,other,0,Saturday,July,False,0.023434767401189226,0.0005946135012242043,0.004931794333683106,0.006330884924798881
reel,"I used to be so hard on myself, always feeling like I wasn't doing enough. But what I really needed wasn't perfection. It was consistency. Showing up, even on the days I didn't feel like it. Small wins, repeated daily. That's what got me here.
.
.
.
.
.
@gymshark @gymsharkwomen #girlswholift #gym #gymmotivation #womenwholift #gymlife #weightlosstransformation #girlpower",2025-07-12 00:09:20-07:00,74,1,27,25,3742,3696,59,7,True,True,other,0,Saturday,July,False,0.01977552111170497,0.0002672367717797969,0.007215392838054517,0.006680919294494923
reel,"Leg day? We wear pink 💕
Come train quads + hamstrings with me:
	1.	Hack Squat — 3 sets: 10, 8, 6 reps
	2.	Leg Press — 3 sets: 10, 8, 6 reps
	3.	Pendulum Squat — 3 sets: 10, 8, 6 reps
	4.	Leg Extensions — 3 sets: 10, 8, 6 reps
	5.	Cardio Finisher — Incline walk (6 incline, 2.5 mph, 15 min)

✨ Progress over perfection -> showing up, putting in the work, and getting stronger every week.

Wearing the @gymshark / @gymsharkwomen 
.
.
.
#LegDayWeWearPink #GluteDay #GirlsWhoLift #GymsharkWomen #LegDayWorkout #HamstringFocus #PinkGymFit #LowerBodyBurn #FitnessMotivation",2025-07-11 18:17:50-07:00,49,2,35,37,2580,2563,96,9,True,True,workout,18,Friday,July,True,0.018992248062015504,0.0007751937984496124,0.013565891472868217,0.01434108527131783
reel,"Leg day? We wear pink 💕
Come train quads + hamstrings with me:
	1.	Hack Squat — 3 sets: 10, 8, 6 reps
	2.	Leg Press — 3 sets: 10, 8, 6 reps
	3.	Pendulum Squat — 3 sets: 10, 8, 6 reps
	4.	Leg Extensions — 3 sets: 10, 8, 6 reps
	5.	Cardio Finisher — Incline walk (6 incline, 2.5 mph, 15 min)

✨ Progress over perfection -> showing up, putting in the work, and getting stronger every week.

Wearing the @gymshark / @gymsharkwomen 
.
.
.
#LegDayWeWearPink #GluteDay #GirlsWhoLift #GymsharkWomen #LegDayWorkout #HamstringFocus #PinkGymFit #LowerBodyBurn #FitnessMotivation",2025-07-11 01:14:19-07:00,2215,29,1457,1330,94498,93838,96,9,True,False,workout,1,Friday,July,True,0.02343964951639188,0.00030688480179474697,0.015418315731549875,0.014074371944379774
reel,"How I transformed my body as a full-time engineering student 👇
	1.	Ate in a calorie deficit with high-protein, whole foods
	2.	Trained 3–5x a week with a consistent, structured program
	3.	Walked 10k steps daily + 15–25 mins cardio post-workout
	4.	Stayed disciplined and consistent (that's what built results)

If you're a busy student or feel like you don't have time… you can still make progress. Start small, stay consistent, and trust the process 💪🏽
.
.
.
.
.
@gymshark @gymsharkwomen #girlswholift #gym #womenwholift #gymlife #weightlosstransformation",2025-07-09 23:51:41-07:00,628,26,204,293,26658,24111,86,5,True,False,recipe,23,Wednesday,July,True,0.02355765623827744,0.0009753169780178558,0.0076524870582939455,0.010991072098431991
reel,"How I transformed my body as a full-time engineering student 👇
	1.	Ate in a calorie deficit with high-protein, whole foods
	2.	Trained 3–5x a week with a consistent, structured program
	3.	Walked 10k steps daily + 15–25 mins cardio post-workout
	4.	Stayed disciplined and consistent (that's what built results)

If you're a busy student or feel like you don't have time… you can still make progress. Start small, stay consistent, and trust the process 💪🏽
.
.
.
.
.
@gymshark @gymsharkwomen #girlswholift #gym #womenwholift #gymlife #weightlosstransformation",2025-07-09 23:25:33-07:00,56,0,29,16,2950,2984,86,5,True,True,recipe,23,Wednesday,July,True,0.018983050847457626,0.0,0.00983050847457627,0.005423728813559322
reel,"Everyone asks how I did it, how I stayed so consistent, how I kept going when it got hard, how I changed my entire body in just 6 months.

The truth? It wasn't a secret workout or some perfect diet.
It was my mindset.

Once I committed mentally to showing up even on the hard days, to choosing discipline over motivation, to not giving up when progress felt slow, everything started to change.

When your mind is strong, your actions follow.
And when you stay consistent, your life transforms not just your body.

📍 Jan 1 – 148.8 lbs / 67.5 kg
📍 Jul 1 – 130.7 lbs / 59.3 kg
Total loss: 18.1 lbs / 8.2 kg 

What worked for me:
• Strength training 3–5x/week
• 10K steps/day + 15–25 min cardio after lifts
• 300–500 cal deficit depending on the goal
• 80/20 nutrition (progress > perfection)
• 100g+ protein daily
• 2–3L of water daily

Your mindset will always be your greatest strength. 💭💪

@gymshark @gymsharkwomen 
#fitnessjourney #girlswholift #transformationtuesday #mindsetmatters #disciplineovermotivation",2025-07-09 01:29:38-07:00,6,1,1,2,48,49,171,5,True,True,transformation,1,Wednesday,July,True,0.125,0.020833333333333332,0.020833333333333332,0.041666666666666664
reel,"Snaps I'd send him – gym edition 📸💪
Which is your fav outfit? 1-6 👗
.
.
.
.
.
.
@gymshark @gymsharkwomen #gymmotivation #girlswholift #gym #womenwholift #gymlife #girlpower",2025-07-08 23:36:11-07:00,52,3,44,18,2472,2457,27,6,False,True,other,23,Tuesday,July,True,0.021035598705501618,0.0012135922330097086,0.01779935275080906,0.007281553398058253
reel,"Snaps I'd send him – gym edition 📸💪
Which is your fav outfit? 1-6 👗
.
.
.
.
.
.
@gymshark @gymsharkwomen #gymmotivation #girlswholift #gym #womenwholift #gymlife #girlpower",2025-07-08 23:34:45-07:00,1313,19,853,672,53484,53276,27,6,False,False,other,23,Tuesday,July,True,0.02454939795078902,0.0003552464288385311,0.01594869493680353,0.012564505272604892
reel,"All I'm saying is if glute day isn't getting you ready for this level of bounce, try again 😭
.
.
.
.
@gymshark @gymsharkwomen #gymmotivation #girlswholift #gym #womenwholift #gymlife #girlpower #gymsharkwoman",2025-07-08 00:01:18-07:00,52,3,25,6,2918,2859,31,7,False,True,other,0,Tuesday,July,True,0.01782042494859493,0.001028101439342015,0.008567511994516792,0.00205620287868403
reel,"All I'm saying is if glute day isn't getting you ready for this level of bounce, try again 😭
.
.
.
.
@gymshark @gymsharkwomen #gymmotivation #girlswholift #gym #womenwholift #gymlife #girlpower #gymsharkwoman",2025-07-08 00:00:22-07:00,335,12,55,81,19276,19868,31,7,False,False,other,0,Tuesday,July,True,0.01737912429964723,0.0006225357958082589,0.002853289064121187,0.004202116621705748
reel,"Everyone asks how I did it, how I stayed so consistent, how I kept going when it got hard, how I changed my entire body in just 6 months.

The truth? It wasn't a secret workout or some perfect diet.
It was my mindset.

Once I committed mentally to showing up even on the hard days, to choosing discipline over motivation, to not giving up when progress felt slow, everything started to change.

When your mind is strong, your actions follow.
And when you stay consistent, your life transforms not just your body.

📍 Jan 1 – 148.8 lbs / 67.5 kg
📍 Jul 1 – 130.7 lbs / 59.3 kg
Total loss: 18.1 lbs / 8.2 kg 

What worked for me:
• Strength training 3–5x/week
• 10K steps/day + 15–25 min cardio after lifts
• 300–500 cal deficit depending on the goal
• 80/20 nutrition (progress > perfection)
• 100g+ protein daily
• 2–3L of water daily

Your mindset will always be your greatest strength. 💭💪

@gymshark @gymsharkwomen 
#fitnessjourney #girlswholift #transformationtuesday #mindsetmatters #disciplineovermotivation",2025-07-07 00:04:37-07:00,1,0,0,1,54,54,171,5,True,True,transformation,0,Monday,July,True,0.018518518518518517,0.0,0.0,0.018518518518518517
reel,"Everyone asks how I did it, how I stayed so consistent, how I kept going when it got hard, how I changed my entire body in just 6 months.

The truth? It wasn't a secret workout or some perfect diet.
It was my mindset.

Once I committed mentally to showing up even on the hard days, to choosing discipline over motivation, to not giving up when progress felt slow, everything started to change.

When your mind is strong, your actions follow.
And when you stay consistent, your life transforms not just your body.

📍 Jan 1 – 148.8 lbs / 67.5 kg
📍 Jul 1 – 130.7 lbs / 59.3 kg
Total loss: 18.1 lbs / 8.2 kg 

What worked for me:
• Strength training 3–5x/week
• 10K steps/day + 15–25 min cardio after lifts
• 300–500 cal deficit depending on the goal
• 80/20 nutrition (progress > perfection)
• 100g+ protein daily
• 2–3L of water daily

Your mindset will always be your greatest strength. 💭💪

@gymshark @gymsharkwomen 
#fitnessjourney #girlswholift #transformationtuesday #mindsetmatters #disciplineovermotivation",2025-07-07 00:00:44-07:00,1073,27,479,655,40777,38546,171,5,True,False,transformation,0,Monday,July,True,0.02631385339774873,0.0006621379699340315,0.01174681805920004,0.01606297667802928
reel,"Thank you for 10K 🥹 I'm genuinely so grateful.

People are going to judge you no matter what. Whether you stay quiet or put yourself out there, someone will always have something to say.

So do what makes you happy. Chase what feels right to you.

If I let fear or judgment stop me, I wouldn't be here posting this. I've come a long way and I'm just getting started.

Do it for you 💖

#tenthousand #gymmotivation #gym #girlswholift #womenwholift #gymlife #girlpower",2025-07-04 23:53:58-07:00,71,0,44,23,5835,5868,80,7,True,True,other,23,Friday,July,True,0.012167952013710369,0.0,0.007540702656383891,0.003941730934018852
reel,"Thank you for 10K 🥹 I'm genuinely so grateful.

People are going to judge you no matter what. Whether you stay quiet or put yourself out there, someone will always have something to say.

So do what makes you happy. Chase what feels right to you.

If I let fear or judgment stop me, I wouldn't be here posting this. I've come a long way and I'm just getting started.

Do it for you 💖

#tenthousand #gymmotivation #gym #girlswholift #womenwholift #gymlife #girlpower",2025-07-04 23:52:24-07:00,805,30,227,336,79604,75456,80,7,True,False,other,23,Friday,July,True,0.010112557157931763,0.0003768654841465253,0.002851615496708708,0.004220893422441084
reel,"Nobody talks about how peaceful it is to just show up and focus on yourself.
Some days that's the biggest win.
.
.
.
.
#girlswholift #selfgrowth #gymroutine",2025-07-04 00:14:18-07:00,193,6,51,55,5423,5453,28,3,False,True,other,0,Friday,July,False,0.03558915729301125,0.0011063986723215931,0.009404388714733543,0.010141987829614604
reel,"Nobody talks about how peaceful it is to just show up and focus on yourself.
Some days that's the biggest win.
.
.
.
.
@gymshark @gymsharkwomen #gymmotivation #womenwholift #girlswholift #selfgrowth #gymroutine #weightlosstransformation",2025-07-04 00:13:28-07:00,716,17,162,194,23220,22455,33,6,False,False,other,0,Friday,July,False,0.03083548664944014,0.0007321274763135229,0.0069767441860465115,0.008354866494401378
reel,"Come train glutes + hamstrings with me 🍑🦵

Here's today's lower body day breakdown:
	1.	Hip Abduction — 3 sets: 10, 8, 6 reps
	2.	Hip Thrusts — 3 sets: 10, 8, 6 reps
	3.	Romanian Deadlifts — 3 sets: 10, 8, 6 reps
	4.	Step-Ups — 4 sets: 10, 8, 6, 6 reps
	5.	Cardio Finisher — Treadmill incline walk (6 incline, 2.5 mph, 15 min)

✨ My form isn't perfect yet, but I'm putting in the work every session to get better.

Wearing the @gymshark / @gymsharkwomen Energized Seamless Leggings
.
.
.
#Gymshark #GirlsWhoLift #GluteWorkout #Hamstrings #GymMotivation #GymSharkWomen #LegDayVibes",2025-07-03 00:57:58-07:00,883,5,1069,570,30258,29607,100,7,True,True,workout,0,Thursday,July,True,0.029182364994381652,0.00016524555489457333,0.03532949963645978,0.01883799325798136
reel,"Come train glutes + hamstrings with me 🍑🦵

Here's today's lower body day breakdown:
	1.	Hip Abduction — 3 sets: 10, 8, 6 reps
	2.	Hip Thrusts — 3 sets: 10, 8, 6 reps
	3.	Romanian Deadlifts — 3 sets: 10, 8, 6 reps
	4.	Step-Ups — 4 sets: 10, 8, 6, 6 reps
	5.	Cardio Finisher — Treadmill incline walk (6 incline, 2.5 mph, 15 min)

✨ My form isn't perfect yet, but I'm putting in the work every session to get better.

Wearing the @gymshark / @gymsharkwomen Energized Seamless Leggings
.
.
.
#Gymshark #GirlsWhoLift #GluteWorkout #Hamstrings #GymMotivation #GymSharkWomen #LegDayVibes",2025-07-03 00:10:09-07:00,8330,73,10265,5030,324592,318359,100,7,True,False,workout,0,Thursday,July,True,0.025662986148765218,0.00022489771775028344,0.031624316064474786,0.015496376990190762
reel,"What I eat in a day (flexible + realistic edition 💖)

Today's total came to 2,249 calories, which is actually right around my maintenance (~2,000–2,300 depending on the day). I'm flexible with my diet, and while I don't always have ice cream and garlic bread, I also don't restrict myself from enjoying them.

🥣 Breakfast (~509 cal):
• 2 eggs
• 1 hashbrown
• Whole grain wrap
• 1 slice cheese

☕️ Drink (~0 cal):
• Oolong tea 

🍗 Lunch (chicken bowl) (~537 cal):
• Chicken breast
• Greek yogurt
• White rice
• Kimchi + spinach

🍽 Dinner (~920 cal):
• 3 marinated chicken legs
• Potatoes
• Garlic bread

🍦 Dessert (283 cal):
• Vanilla ice cream with one crushed Oreo

You don't have to earn your food. You don't have to restrict everything you enjoy. You deserve to nourish your body and enjoy the little things. That's what keeps it sustainable 💞

@gymshark @gymsharkwomen 
#whatieatinaday #flexibledieting #maintenanceeating #balancedlifestyle #fitnessjourney #highproteinmeals #girlswholift #realisticnutrition",2025-07-02 01:14:19-07:00,62,4,39,37,3532,3544,159,8,True,True,recipe,1,Wednesday,July,True,0.017553793884484713,0.0011325028312570782,0.011041902604756512,0.010475651189127973
reel,"What I eat in a day (flexible + realistic edition 💖)

Today's total came to 2,249 calories, which is actually right around my maintenance (~2,000–2,300 depending on the day). I'm flexible with my diet, and while I don't always have ice cream and garlic bread, I also don't restrict myself from enjoying them.

🥣 Breakfast (~509 cal):
• 2 eggs
• 1 hashbrown
• Whole grain wrap
• 1 slice cheese

☕️ Drink (~0 cal):
• Oolong tea 

🍗 Lunch (chicken bowl) (~537 cal):
• Chicken breast
• Greek yogurt
• White rice
• Kimchi + spinach

🍽 Dinner (~920 cal):
• 3 marinated chicken legs
• Potatoes
• Garlic bread

🍦 Dessert (283 cal):
• Vanilla ice cream with one crushed Oreo

You don't have to earn your food. You don't have to restrict everything you enjoy. You deserve to nourish your body and enjoy the little things. That's what keeps it sustainable 💞

@gymshark @gymsharkwomen 
#whatieatinaday #flexibledieting #maintenanceeating #balancedlifestyle #fitnessjourney #highproteinmeals #girlswholift #realisticnutrition",2025-07-02 00:52:59-07:00,969,23,510,631,51406,49593,159,8,True,False,recipe,0,Wednesday,July,True,0.01884993969575536,0.00044741858926973505,0.00992102089250282,0.01227483173170447
reel,"This 537-calorie meal helped me lose ~8kg in 5 months. I eat this still to this day for lunch and dinner.

	•	Marinated chicken breast (w/ skin): 227 cal 
	•	White rice (0.5 cup): 160 cal
	•	Liberté Greek yogurt (0.75 cup): 120 cal
	•	Kimchi (1 cup): 22 cal
	•	Baby spinach (1 cup): 7 cal

High protein, low effort, and actually satisfying. Nothing fancy, just consistency 🥲🍗🍚
.
.
.
.
@gymshark @gymsharkwomen #gym #gymmotivation #girlswholift #womenwholift #gymlife #weightlosstransformation",2025-06-30 23:45:08-07:00,120,1,87,72,6206,6080,80,6,True,True,recipe,23,Monday,June,True,0.019336126329358685,0.00016113438607798906,0.014018691588785047,0.01160167579761521
reel,"This 537-calorie meal helped me lose ~8kg in 5 months. I eat this still to this day for lunch and dinner.

	•	Marinated chicken breast (w/ skin): 227 cal 
	•	White rice (0.5 cup): 160 cal
	•	Liberté Greek yogurt (0.75 cup): 120 cal
	•	Kimchi (1 cup): 22 cal
	•	Baby spinach (1 cup): 7 cal

High protein, low effort, and actually satisfying. Nothing fancy, just consistency 🥲🍗🍚
.
.
.
.
@gymshark @gymsharkwomen #gym #gymmotivation #girlswholift #womenwholift #gymlife #weightlosstransformation",2025-06-30 23:43:56-07:00,1452,15,791,656,68532,66473,80,6,True,False,recipe,23,Monday,June,True,0.021187182630012256,0.0002188758536158291,0.011542053347341388,0.009572170664798926
reel,"I remember how discouraged I felt when I only lost 1kg/2lbs my first month but remember to keep going and I promise you will see results!! 

This is what I did:
1. Strength training: 3-5x a week
2. Cardio: 10k steps everyday + 15-25 min of treadmill/stairmaster after each workout 
3. Calorie Deficit: Cut 500 calories off my regular daily calorie intake (inc/dec depending on goals) 
4. Balanced nutrition: Following 80/20 rule (80% healthy foods)
5. Hydration: Drinking 2-3 litres per day
.
.
.
.
#gym #gymmotivation #dyfne #gymlife #girlswholift #weightlosstransformation #womenwholift #womenwholift",2025-06-30 13:34:36-07:00,3798,34,2175,1662,171162,172568,94,8,True,True,transformation,13,Monday,June,True,0.022189504679777053,0.0001986422219885255,0.012707259788971852,0.00971009920426263
reel,"6 months. Just 6 months.
It's wild how much can change when you stop waiting for motivation and just start showing up for yourself. I didn't always feel strong, I didn't always know what I was doing, but I kept going.
(Jan 4 2025 vs June 29 2025)

This is your sign: START
.
.
.
.
.
.
@gymshark @gymsharkwomen #gym #gymmotivation #girlswholift #womenwholift #gymlife #weightlosstransformation #girlpower",2025-06-30 00:04:51-07:00,54,0,26,20,3050,3041,68,7,True,True,transformation,0,Monday,June,True,0.017704918032786884,0.0,0.008524590163934427,0.006557377049180328
reel,"6 months. Just 6 months.
It's wild how much can change when you stop waiting for motivation and just start showing up for yourself. I didn't always feel strong, I didn't always know what I was doing, but I kept going.
(Jan 4 2025 vs June 29 2025)

This is your sign: START
.
.
.
.
.
.
@gymshark @gymsharkwomen #gym #gymmotivation #girlswholift #womenwholift #gymlife #weightlosstransformation #girlpower",2025-06-30 00:03:25-07:00,829,22,219,384,40113,38926,68,7,True,False,transformation,0,Monday,June,True,0.02066661680751876,0.0005484506269787849,0.0054595766958342685,0.009572956398175155
reel,"A lot of people only see the gym side of me, but I actually love makeup just as much. It's not about being ""girly"" or covering anything up. For me, it's like doing art on my own face.

I like showing up to the gym with long lashes on. I like lifting heavy in lipstick. I like being both feminine and strong. I'm not trying to fit into one category.

A lot of people don't understand why I wear make up to the gym but not everything has to make sense to people.

Do what makes you happy and comfortable 🫶 
.
.
.
.
.
@gymshark @gymsharkwomen #gym #gymmotivation #girlswholift #womenwholift #makeup #gymshark #gymsharkwoman",2025-06-28 23:46:42-07:00,314,8,38,49,24289,24468,114,7,True,False,other,23,Saturday,June,False,0.01292766272798386,0.0003293672032607353,0.0015644942154884928,0.002017374119972004
reel,I swear I'm so serious when I go to the gym,2025-06-28 23:18:48-07:00,83,1,22,14,7139,6988,11,0,False,True,other,23,Saturday,June,False,0.01162627819022272,0.00014007564084605686,0.0030816640986132513,0.0019610589718447964
reel,"Lowkey obsessed with makeup. I know most of y'all see the gym side, but glam has always been a big part of who I am too 💋
.
.
.
.
.
.
@gymshark @gymsharkwomen #gym #gymmotivation #girlswholift #womenwholift #gymlife #weightlosstransformation #gymshark #gymsharkwoman",2025-06-28 23:17:16-07:00,51,2,15,11,4197,4203,42,8,False,True,other,23,Saturday,June,False,0.012151536812008578,0.0004765308553728854,0.0035739814152966403,0.0026209197045508697
reel,Someone said I looked like her but I don't see it lol,2025-06-28 20:38:20-07:00,7,0,3,4,1616,1588,12,0,False,True,other,20,Saturday,June,False,0.004331683168316832,0.0,0.0018564356435643563,0.0024752475247524753
reel,Someone said I looked like her but I still don't see it 😂😂,2025-06-28 20:37:23-07:00,11,2,1,2,1476,1471,12,0,False,True,other,20,Saturday,June,False,0.007452574525745257,0.0013550135501355014,0.0006775067750677507,0.0013550135501355014
reel,"Strong enough to carry tradition and these gains 💪 
.
.
.
.
#gym #gymmotivation #girlswholift #womenwholift #gymlife #weightlosstransformation #girlpower #punjabi",2025-06-27 23:08:13-07:00,95,4,28,24,6040,5925,20,8,False,True,other,23,Friday,June,True,0.015728476821192054,0.0006622516556291391,0.004635761589403974,0.003973509933774834
reel,"Strong enough to carry tradition and these gains 💪 
.
.
.
.
#gym #gymmotivation #girlswholift #womenwholift #gymlife #weightlosstransformation #girlpower #punjabi",2025-06-27 23:07:17-07:00,911,30,138,254,52616,51377,20,8,False,False,other,23,Friday,June,True,0.017314124980994373,0.000570168769955907,0.002622776341797172,0.004827428918960012
reel,"I went from a round ball to an hourglass in 5 months is crazy🥲🙏 Consistency and discipline is key 🔑 
.
.
.
.
.
.
#gym #gymmotivation #girlswholift #womenwholift #gymlife #weightlosstransformation #girlpower",2025-06-26 23:00:31-07:00,4495,52,5431,3542,282591,280897,32,7,False,True,other,23,Thursday,June,True,0.015906380599523692,0.0001840115219522207,0.019218587994663666,0.012534015591437802
reel,"I went from a round ball to an hourglass in 5 months is crazy🥲🙏 Consistency and discipline is key 🔑 
.
.
.
.
.
.
#gym #gymmotivation #girlswholift #womenwholift #gymlife #weightlosstransformation #girlpower",2025-06-26 22:56:01-07:00,3985,36,5424,1430,188519,183018,32,7,False,True,other,22,Thursday,June,True,0.021138452888037812,0.00019096218418302664,0.02877163575024268,0.007585442316159114
reel,"Here is my 5-month transformation from Jan to June with lots of proof lol. 

Jan 1 2025 - 148.8 lbs / 67.5 kg
Feb 1 2025 - 146.8 lbs / 66.6 kg
March 1 2025 - 143 lbs / 64.9 kg
April 1 2025 -  138.7 lbs / 62.9 kg
May 1 2025 - 136.2 lbs / 61.8 kg
June 1 2025 - 132.7 lbs / 60.2 kg

Total weight lost: 16.1 lbs / 7.3 kg in 5 months

This is what I did:
1. Strength training: 3-5x a week
2. Cardio: 10k steps everyday + 15-25 min of treadmill/stairmaster after each workout 
3. Calorie Deficit: Cut 300-500 calories off my regular daily calorie intake (inc/dec depending on goals) 
4. Balanced nutrition: Following 80/20 rule (80% healthy foods)
5. High protein: Ate 100g+ of protein per day 
6. Hydration: Drinking 2-3 litres per day 
.
.
.
.
.
.
@gymshark @gymsharkwomen #gymshark #gymmotivation #gymsharkwoman #gym #girlswholift",2025-06-26 21:52:56-07:00,272,5,135,71,8108,8121,157,5,True,True,transformation,21,Thursday,June,True,0.033547113961519485,0.00061667488899852,0.01665022200296004,0.008756783423778983
reel,"Here is my 5-month transformation from Jan to June. 

Jan 1 2025 - 148.8 lbs / 67.5 kg
Feb 1 2025 - 146.8 lbs / 66.6 kg
March 1 2025 - 143 lbs / 64.9 kg
April 1 2025 -  138.7 lbs / 62.9 kg
May 1 2025 - 136.2 lbs / 61.8 kg
June 1 2025 - 132.7 lbs / 60.2 kg

Total weight lost: 16.1 lbs / 7.3 kg in 5 months

This is what I did:
1. Strength training: 3-5x a week
2. Cardio: 10k steps everyday + 15-25 min of treadmill/stairmaster after each workout 
3. Calorie Deficit: Cut 300-500 calories off my regular daily calorie intake (inc/dec depending on goals) 
4. Balanced nutrition: Following 80/20 rule (80% healthy foods)
5. High protein: Ate 100g+ of protein per day 
6. Hydration: Drinking 2-3 litres per day 
.
.
.
.
.
.
@gymshark @gymsharkwomen #gymshark #gymmotivation #gymsharkwoman #gym #girlswholift",2025-06-26 21:52:32-07:00,1326,20,699,485,69766,66177,152,5,True,False,transformation,21,Thursday,June,False,0.019006392798784508,0.00028667259123355216,0.010019207063612649,0.00695181033741364
reel,"My favourite part of the week is getting to spend alone time at the gym 🫶  I loveee dressing up and getting a good pump 💪
.
.
.
.
@gymshark @gymsharkwomen #gym #gymmotivation #womenwholift #womenwholift #gymlife #gymshark",2025-06-25 22:19:38-07:00,7,1,7,1,124,126,36,6,False,True,other,22,Wednesday,June,True,0.056451612903225805,0.008064516129032258,0.056451612903225805,0.008064516129032258
reel,"My favourite part of the week is getting to spend alone time at the gym 🫶  I loveee dressing up and getting a good pump 💪
.
.
.
.
@gymshark @gymsharkwomen #gym #gymmotivation #womenwholift #womenwholift #gymlife #gymshark",2025-06-25 22:11:55-07:00,528,11,151,276,29426,29293,36,6,False,False,other,22,Wednesday,June,True,0.0179433154353293,0.0003738190715693604,0.005131516346088493,0.009379460341194861
reel,"Back + biceps workout 💪
1. Lat pull downs - 3 sets x 10, 8, 6
2. Seated cable rows - 3 sets x 10, 8, 6
3. T bar rows - 3 sets x 10, 8, 6
4. Bicep curls - 3 sets x 10, 8, 6
5. Cardio - Treadmill (6 incline 2.5 mph - 15 minutes) 

(My form isn't perfect but I'm putting in the effort to make sure it is one day!)

Wearing the @gymshark @gymsharkwomen Whitney x animal blue colour set 
.
.
.
.
.
.
#gymshark #gymmotivation #gymsharkwoman #gym #girlswholift",2025-06-24 22:39:46-07:00,51,3,31,19,2635,2672,96,5,True,True,workout,22,Tuesday,June,True,0.01935483870967742,0.0011385199240986717,0.011764705882352941,0.007210626185958254
reel,"Back + biceps workout 💪
1. Lat pull downs - 3 sets x 10, 8, 6
2. Seated cable rows - 3 sets x 10, 8, 6
3. T bar rows - 3 sets x 10, 8, 6
4. Bicep curls - 3 sets x 10, 8, 6
5. Cardio - Treadmill (6 incline 2.5 mph - 15 minutes) 

(My form isn't perfect but I'm putting in the effort to make sure it is one day!)

Wearing the @gymshark @gymsharkwomen Whitney x animal blue colour set 
.
.
.
.
.
.
#gymshark #gymmotivation #gymsharkwoman #gym #girlswholift",2025-06-24 21:54:07-07:00,850,27,302,452,44824,42664,96,5,True,False,workout,21,Tuesday,June,True,0.01896305550597894,0.0006023558807781546,0.006737462073888988,0.010083883633767625
reel,"I lost 7.5 kg in 5 months — no crazy workouts, no extreme diets. Just walking every single day and finally getting my nutrition in check. It's not about being perfect, it's about being consistent. Walking + eating mindfully was the combo that actually worked for me.
.
.
.
.
.
@gymshark @gymsharkwomen #gym #gymmotivation #girlswholift #womenwholift #gymlife #weightlosstransformation #gymshark",2025-06-23 22:43:04-07:00,49,1,35,22,4181,4135,61,7,True,True,workout,22,Monday,June,True,0.011719684286055968,0.00023917723032767282,0.008371203061468548,0.0052618990672088015
reel,"My current 4-day split 💜 
Day 1: Shoulders, Triceps & Chest
Day 2: Glutes & Hamstring 
Day 3: Back, Biceps & Abs
Day 4: Quads & Hamstring 
No overthinking, just structure that feels good and keeps me consistent.
.
.
.
.
@gymshark @gymsharkwomen #gym #gymmotivation #girlswholift #womenwholift #gymlife #weightlosstransformation #girlpower #gymshark",2025-06-23 22:42:01-07:00,129,1,89,84,9943,9588,51,8,True,True,workout,22,Monday,June,True,0.012973951523685004,0.00010057326762546515,0.008951020818666399,0.008448154480539073
reel,"I lost 7.5 kg in 5 months — no crazy workouts, no extreme diets. Just walking every single day and finally getting my nutrition in check. It's not about being perfect, it's about being consistent. Walking + eating mindfully was the combo that actually worked for me.
.
.
.
.
.
@gymshark @gymsharkwomen #gym #gymmotivation #girlswholift #womenwholift #gymlife #weightlosstransformation #gymshark",2025-06-23 21:33:03-07:00,690,18,258,337,48584,45488,61,7,True,False,workout,21,Monday,June,True,0.014202206487732587,0.0003704923431582414,0.005310390251934793,0.006936439980240409
reel,"My current 4-day split 💜 
Day 1: Shoulders, Triceps & Chest
Day 2: Glutes & Hamstring 
Day 3: Back, Biceps & Abs
Day 4: Quads & Hamstring 
No overthinking, just structure that feels good and keeps me consistent.
.
.
.
.
@gymshark @gymsharkwomen #gym #gymmotivation #girlswholift #womenwholift #gymlife #weightlosstransformation #girlpower #gymshark",2025-06-23 20:48:19-07:00,1240,15,339,552,64974,63698,51,8,True,False,workout,20,Monday,June,True,0.01908455689968295,0.00023086157539939053,0.005217471604026226,0.008495705974697572
reel,"I went from a round ball to an hourglass in 5 months is crazy🥲🙏 Consistency and discipline is key 🔑 
.
.
.
.
.
.
#gym #gymmotivation #girlswholift #womenwholift #gymlife #weightlosstransformation #girlpower",2025-06-21 09:28:14-07:00,115,5,43,29,5981,5981,32,7,False,True,other,9,Saturday,June,True,0.019227553920749037,0.0008359806052499582,0.007189433205149641,0.004848687510449758
reel,"I went from a round ball to an hourglass in 5 months is crazy🥲🙏 Consistency and discipline is key 🔑 
.
.
.
.
.
.
#gym #gymmotivation #girlswholift #womenwholift #gymlife #weightlosstransformation #girlpower",2025-06-20 22:40:31-07:00,1059,21,312,332,72386,69618,32,7,False,False,other,22,Friday,June,True,0.014629900809548808,0.000290111347498135,0.004310225734258006,0.004586522255684801
reel,"The better the fits, the better the lifts 👗💪
.
.
.
.
.
@gymshark @gymsharkwomen #gym #gymmotivation #girlswholift #womenwholift #gymlife #weightlosstransformation",2025-06-19 23:07:39-07:00,182,3,177,50,7465,7312,21,6,False,True,other,23,Thursday,June,True,0.024380442062960483,0.0004018754186202277,0.023710649698593437,0.006697923643670462
reel,"I always hear people say ""I would die for them"" but it's never ""I will exercise for them"", ""I will eat better for them"", "" I will love myself for them.""
.
.
.
.
.
#gym #girlswholift #womenwholift #gymlife #gymmotivation",2025-06-19 22:59:43-07:00,150,1,42,25,5121,4754,41,5,False,True,other,22,Thursday,June,False,0.029291154071470416,0.00019527436047646945,0.008201523140011716,0.004881859011911736
reel,"Come with me to do upper body (shoulders, triceps and chest focus)

1. Shoulder Press - 3 sets x 10, 8, 6
2. Lateral raises - 3 sets x 10, 8, 6
3. Face pulls  - 3 sets of 10, 8, 6
4. Tricep Pushdown - 3 sets of 10, 8, 6
5. Pec Flies - 3 sets of 10, 8, 6
6. Cardio - Treadmill (15 minutes) 

Wearing the new @gymshark @gymsharkwomen energized seamless leggings 
.
.
.
.
.
.
#gymshark #gymmotivation #gymsharkwoman #gym #girlswholift",2025-06-19 22:58:17-07:00,635,4,349,313,24386,23856,87,5,True,True,workout,22,Thursday,June,True,0.026039530878372838,0.0001640285409661281,0.014311490199294678,0.012835233330599525
reel,"Antidepressants that actually work (gym edition) 🏃‍➡️🥗🥙🏋️ Fuelling your body is so important 🫶
.
.
.
.
.
@gymshark @gymsharkwomen #gym #gymmotivation #girlswholift #womenwholift #gymlife #girlpower",2025-06-19 22:56:42-07:00,169,5,71,34,5696,5702,25,6,False,True,other,22,Thursday,June,False,0.02966994382022472,0.0008778089887640449,0.012464887640449437,0.0059691011235955055
reel,"Lost 16.1 lbs / 7.3 kg is insane for 5 months 💪🥗😳🥙 You can see such a huge difference in my hips 💀
.
.
.
.
.
@gymshark @gymsharkwomen #gym #gymmotivation #girlswholift #womenwholift #gymlife #weightlosstransformation #girlpower",2025-06-19 22:55:29-07:00,167,2,112,42,5098,5123,35,7,False,True,other,22,Thursday,June,True,0.03275794429187917,0.00039231071008238524,0.021969399764613574,0.00823852491173009
reel,"The better the fits, the better the lifts 👗💪
.
.
.
.
.
@gymshark @gymsharkwomen #gym #gymmotivation #girlswholift #womenwholift #gymlife #weightlosstransformation",2025-06-19 21:28:01-07:00,734,21,375,214,36725,37874,21,6,False,False,other,21,Thursday,June,True,0.019986385296119808,0.0005718175629680054,0.010211027910142955,0.005827093260721579
reel,"Lost 16.1 lbs / 7.3 kg is insane for 5 months 💪🥗😳🥙 You can see such a huge difference in my hips 💀
.
.
.
.
.
@gymshark @gymsharkwomen #gym #gymmotivation #girlswholift #womenwholift #gymlife #weightlosstransformation #girlpower",2025-06-18 21:02:01-07:00,1822,30,976,801,86204,82137,35,7,False,False,other,21,Wednesday,June,True,0.021135910166581597,0.0003480116931928913,0.011321980418542063,0.009291912208250198
reel,"My favourite 2 glute growing exercises! 
1. Hip thrust - 3 sets x 10, 6, 4
2. Romanian Deadlifts (RDL) - 3 sets x 10, 8, 6 

My form isn't perfect but I'm putting in the effort to make sure it is one day!
.
.
.
.
.
@gymsharkwomen @gymshark #gym #gymmotivation #girlswholift #womenwholift #gymlife",2025-06-17 22:52:46-07:00,575,22,197,290,29530,27653,56,5,True,False,other,22,Tuesday,June,False,0.01947172367084321,0.000745005079580088,0.006671181848967152,0.009820521503555706
reel,"Antidepressants that actually work (gym edition) 🏃‍➡️🥗🥙🏋️ Fuelling your body is so important 🫶
.
.
.
.
.
#gym #gymmotivation #girlswholift #womenwholift #gymlife #girlpower",2025-06-16 21:27:16-07:00,1319,28,463,364,57013,55542,23,6,False,False,other,21,Monday,June,False,0.023135074456702858,0.0004911160612491888,0.008120954869941943,0.006384508796239454
reel,"I was about 68 kg in Jan and now I'm 59 which is such an incredible difference. Proof that staying consistent will work out! 

This is what I did:
1. Strength training: 3-5x a week
2. Cardio: 10k steps everyday + 15-25 min of treadmill/stairmaster after each workout 
3. Calorie Deficit: Cut 300-500 calories off my regular daily calorie intake (inc/dec depending on goals) 
4. Balanced nutrition: Following 80/20 rule (80% healthy foods)
5. Hydration: Drinking 2-3 litres per day

#gym #gymmotivation #girlswholift #weightlosstransformation #womenwholift #girlpower #weightlossmotivation",2025-06-15 19:07:35-07:00,313,0,164,92,24379,24462,87,7,True,True,transformation,19,Sunday,June,False,0.01283891874153985,0.0,0.006727101193650273,0.0037737396939989333
reel,"Here is my 5-month transformation from Jan to June with lots of proof lol. 

Jan 1 2025 - 148.8 lbs / 67.5 kg
Feb 1 2025 - 146.8 lbs / 66.6 kg
March 1 2025 - 143 lbs / 64.9 kg
April 1 2025 -  138.7 lbs / 62.9 kg
May 1 2025 - 136.2 lbs / 61.8 kg
June 1 2025 - 132.7 lbs / 60.2 kg

Total weight lost: 16.1 lbs / 7.3 kg in 5 months

This is what I did:
1. Strength training: 3-5x a week
2. Cardio: 10k steps everyday + 15-25 min of treadmill/stairmaster after each workout 
3. Calorie Deficit: Cut 300-500 calories off my regular daily calorie intake (inc/dec depending on goals) 
4. Balanced nutrition: Following 80/20 rule (80% healthy foods)
5. High protein: Ate 100g+ of protein per day 
6. Hydration: Drinking 2-3 litres per day 
.
.
.
.
.
.
@gymshark @gymsharkwomen #gymshark #gymmotivation #gymsharkwoman #gym #girlswholift",2025-06-15 10:47:29-07:00,12632,58,7091,2990,456204,465957,157,5,True,True,transformation,10,Sunday,June,True,0.027689367037553377,0.00012713610577724002,0.015543484932179464,0.006554085452999097
reel,"Told him I like working out and he hit me with ""like pilates?""

Sir… I'm literally training to pick your whole attitude up and throw it across the room. This is what I meant 💪😂
.
.
.
.
.
@gymshark @gymsharkwomen #gym #gymmotivation #girlswholift #womenwholift #gymlife #weightlosstransformation #gymsharkwoman",2025-06-14 23:02:46-07:00,688,19,224,155,35441,35860,48,7,False,False,other,23,Saturday,June,False,0.019412544792754154,0.0005361022544510595,0.006320363420896702,0.004373465759995486
reel,"Here is my 5-month transformation from Jan to June with lots of proof lol. 

Jan 1 2025 - 148.8 lbs / 67.5 kg
Feb 1 2025 - 146.8 lbs / 66.6 kg
March 1 2025 - 143 lbs / 64.9 kg
April 1 2025 -  138.7 lbs / 62.9 kg
May 1 2025 - 136.2 lbs / 61.8 kg
June 1 2025 - 132.7 lbs / 60.2 kg

Total weight lost: 16.1 lbs / 7.3 kg in 5 months

This is what I did:
1. Strength training: 3-5x a week
2. Cardio: 10k steps everyday + 15-25 min of treadmill/stairmaster after each workout 
3. Calorie Deficit: Cut 300-500 calories off my regular daily calorie intake (inc/dec depending on goals) 
4. Balanced nutrition: Following 80/20 rule (80% healthy foods)
5. High protein: Ate 100g+ of protein per day 
6. Hydration: Drinking 2-3 litres per day 
.
.
.
.
.
.
@gymshark @gymsharkwomen #gymshark #gymmotivation #gymsharkwoman #gym #girlswholift",2025-06-13 22:48:44-07:00,1088,40,586,625,37100,34510,157,5,True,False,transformation,22,Friday,June,True,0.029326145552560648,0.001078167115902965,0.01579514824797844,0.016846361185983826
reel,"Come with me to do back + biceps
1. Lat pull downs - 3 sets x 10, 8, 6
2. Seated cable rows - 3 sets x 10, 8, 6
3. T bar rows - 3 sets x 10, 8, 6
4. Bicep curls - 3 sets x 10, 8, 6
5. Cardio - Treadmill (6 incline 2.5 mph - 15 minutes) 

(My form isn't perfect but I'm putting in the effort to make sure it is one day!)

Wearing the new @gymshark @gymsharkwomen energized seamless leggings 
.
.
.
.
.
.
#gymshark #gymmotivation #gymsharkwoman #gym #girlswholift",2025-06-13 00:32:06-07:00,1156,23,590,600,52485,47807,98,5,True,False,workout,0,Friday,June,False,0.022025340573497188,0.0004382204439363628,0.011241307040106696,0.011431837667905115
reel,"Fun Fact: During an interview, one of the interviewers actually laughed at me because I said I lift weights. My face was like 🤨. He only saw my shoulders and above so that's probably why 🤣
.
.
.
.
.
@gymshark @gymsharkwomen 
#gym #gymmotivation #girlswholift #womenwholift #gymlife #weightlosstransformation #girlpower",2025-06-11 22:56:28-07:00,2036,29,1655,777,101723,102420,49,7,False,False,other,22,Wednesday,June,False,0.020015139152404077,0.0002850879348819834,0.016269673525161468,0.007638390531148315
reel,"I've been getting a lot of questions about my diet so here's some of the meals I ate during my weightloss journey and still to this day. 

Lost fat by:
✅ Eating in a calorie deficit 
✅ Hitting 100g+ protein daily (I'm ~130lbs)
✅ 20–30g protein per meal
✅ Chicken, yogurt, veggies, spinach, potatoes, kimchi 🥗🫶

The key is to find love in the foods that love you back!
.
.
.
.
.
#weighlossjourney #gymmotivation #girlswholift #womenwholift #gymlife #weightlosstransformation",2025-06-10 23:05:40-07:00,416,10,73,140,23159,21901,75,6,True,False,recipe,23,Tuesday,June,False,0.017962779049181744,0.0004317975732976381,0.0031521222850727578,0.006045166026166933
reel,"In reality nobody really sees the hard work we put into our bodies and health. 
.
.
.
.
@gymshark @gymsharkwomen #gym #gymmotivation #girlswholift #womenwholift",2025-06-09 22:00:58-07:00,569,14,194,236,32351,31961,25,4,False,False,other,22,Monday,June,False,0.017588328026954345,0.00043275323792154805,0.005996723439770022,0.007294983153534666
reel,"Come with me to do upper body (shoulders, triceps and chest focus)

1. Shoulder Press - 3 sets x 10, 8, 6
2. Lateral raises - 3 sets x 10, 8, 6
3. Face pulls  - 3 sets of 10, 8, 6
4. Tricep Pushdown - 3 sets of 10, 8, 6
5. Pec Flies - 3 sets of 10, 8, 6
6. Cardio - Treadmill (15 minutes) 

Wearing the new @gymshark @gymsharkwomen energized seamless leggings 
.
.
.
.
.
.
#gymshark #gymmotivation #gymsharkwoman #gym #girlswholift",2025-06-08 22:35:01-07:00,3921,48,2739,1908,196917,189553,87,5,True,False,workout,22,Sunday,June,True,0.01991194259510352,0.00024375752220478678,0.013909413610810646,0.009689361507640274
reel,"What happens when you decide you deserve better ❤️
.
.
.
.
.
#looksmaxing #weightlossmotivation #gym #gymmotivation #girlswholift #womenwholift",2025-06-08 21:03:16-07:00,9049,59,13467,2192,314051,307336,19,6,False,True,other,21,Sunday,June,True,0.02881379139057032,0.00018786757564854116,0.04288157019082888,0.006979758064772919
reel,"Keep going! Hard work will pay off in the end! 

What I did:
1. Strength training: 3-5x a week
2. Cardio: 10k steps everyday + 15-25 min of treadmill/stairmaster after each workout 
3. Calorie Deficit: Cut 500 calories off my regular daily calorie intake (can inc/dec depending on goals)
4. Balanced nutrition: Following 80/20 rule (80% healthy foods)
5. Hydration: Drinking 2-3 litres per day 
.
.
.
.
.
.
.
#gym #gymmotivation #dyfne #gymlife #girlswholift #weightlosstransformation #womenwholift #girlpower",2025-06-08 21:01:10-07:00,450,7,400,165,23943,23678,80,8,True,True,transformation,21,Sunday,June,True,0.018794637263500814,0.0002923610240989016,0.016706344234222945,0.0068913669966169655
reel,"My form has gotten a lot better the past couple of months but still can be better 🙏😫 and most of my cellulite is gone 🫡
.
.
.
.
.
#gym #gymmotivation #girlswholift #gymlife #weightlosstransformation #womenwholift #girlpower",2025-06-06 21:08:48-07:00,431,9,119,132,25400,26208,36,7,False,False,other,21,Friday,June,False,0.016968503937007873,0.00035433070866141734,0.0046850393700787404,0.0051968503937007875
reel,"I was about 68 kg in Jan and now I'm 59 which is such an incredible difference. Proof that staying consistent will work out! 

This is what I did:
1. Strength training: 3-5x a week
2. Cardio: 10k steps everyday + 15-25 min of treadmill/stairmaster after each workout 
3. Calorie Deficit: Cut 500 calories off my regular daily calorie intake (inc/dec depending on goals) 
4. Balanced nutrition: Following 80/20 rule (80% healthy foods)
5. Hydration: Drinking 2-3 litres per day

#gym #gymmotivation #girlswholift #weightlosstransformation #womenwholift #girlpower #weightlossmotivation",2025-06-05 19:38:37-07:00,11726,23,612,1009,382094,380417,87,7,True,False,transformation,19,Thursday,June,False,0.03068878338838087,6.0194611797097046e-05,0.0016017001052097129,0.002640711447968301
reel,"I always hear people say ""I would die for them"" but it's never ""I will exercise for them"", ""I will eat better for them"", "" I will love myself for them.""",2025-06-04 21:11:48-07:00,416,11,78,84,16514,15989,31,0,False,False,other,21,Wednesday,June,False,0.02519074724476202,0.0006661014896451496,0.004723265108392879,0.005086593193653869
reel,"When people ask me ""How did you lose so much weight? How did you build such a nice physique?"" Proper nutrition is key to everything! 
.
.
.
.
.
#gym #gymmotivation #girlswholift #gymlife #weightlosstransformation #womenwholift",2025-06-02 22:09:58-07:00,410,10,85,69,16999,16756,36,6,False,False,other,22,Monday,June,False,0.02411906582740161,0.0005882698982293077,0.005000294134949115,0.004059062297782222
reel,"What happens when you decide you deserve better ❤️
.
.
.
.
.
#looksmaxing #weightlossmotivation #gym #gymmotivation #girlswholift #womenwholift",2025-06-01 22:37:23-07:00,9822,71,11714,2505,286122,279282,19,6,False,False,other,22,Sunday,June,True,0.03432801392413026,0.00024814589580668384,0.04094057779548584,0.008755006605573845
reel,"Workout details:
1. Leg extension - 3 sets x 10, 8, 6 reps
2. Hack Squats - 4 sets x 10, 8, 6, 4 reps
3. Single leg press - 3 sets x 8, 6, 4 reps (each leg)
4. Pendulum squats - 4 sets x 10, 8, 6, 4 reps
5. Treadmill - 6 incline x 2.5 mph (15 minutes)

I'm focusing on building strength right now, so that's why the reps are lower and the weights are heavier. 

Save this for your next leg day 🩷
.
.
.
.
.
#gym #gymmotivation #gymlife #girlswholift #weightlosstransformation #quad #womenwholift",2025-05-30 21:43:41-07:00,356,8,66,116,16699,16355,99,7,True,False,workout,21,Friday,May,False,0.021318641834840408,0.00047907060303012156,0.003952332474998503,0.0069465237439367625
reel,"Everyone thinks I'm going to end up like @cbum when I say I lift 
.
.
.
#gym #gymmotivation #gymlife #girlswholift #weightlosstransformation #womenwholift",2025-05-29 22:09:00-07:00,309,4,37,62,19743,19299,23,6,False,False,other,22,Thursday,May,False,0.01565111685154232,0.00020260345438889734,0.0018740819530973004,0.0031403535430279085
reel,Baby Jevan is cute lol,2025-05-28 22:49:48-07:00,22,1,1,1,1367,1364,5,0,False,True,other,22,Wednesday,May,False,0.016093635698610095,0.000731528895391368,0.000731528895391368,0.000731528895391368
reel,"I remember how discouraged I felt when I only lost 1kg/2lbs my first month but remember to keep going and I promise you will see results!! 

This is what I did:
1. Strength training: 3-5x a week
2. Cardio: 10k steps everyday + 15-25 min of treadmill/stairmaster after each workout 
3. Calorie Deficit: Cut 500 calories off my regular daily calorie intake (inc/dec depending on goals) 
4. Balanced nutrition: Following 80/20 rule (80% healthy foods)
5. Hydration: Drinking 2-3 litres per day
.
.
.
.
#gym #gymmotivation #dyfne #gymlife #girlswholift #weightlosstransformation #womenwholift #womenwholift",2025-05-28 20:22:42-07:00,6277,54,7272,3292,344535,330165,94,8,True,False,transformation,20,Wednesday,May,True,0.01821875861668626,0.0001567329879402673,0.021106709042622664,0.009554907338877037
reel,"""90% of life is confidence, and the thing about confidence is that no one knows if it's real or not"" - this is one of my favourite quotes from @euphoria 
.
.
.
.
#gym #contentcreatorlife #gymmotivation #dyfne #gymlife #girlswholift #weightlosstransformation #1month",2025-05-28 08:38:27-07:00,9,0,3,3,1222,1222,42,8,False,True,other,8,Wednesday,May,True,0.007364975450081833,0.0,0.0024549918166939444,0.0024549918166939444
reel,"""90% of life is confidence, and the thing about confidence is that no one knows if it's real or not"" - this is one of my favourite quotes from @euphoria 
.
.
.
.
#gym #contentcreatorlife #gymmotivation #dyfne #gymlife #girlswholift #weightlosstransformation #1month",2025-05-27 20:54:01-07:00,245,6,17,37,17133,16949,42,8,False,False,other,20,Tuesday,May,True,0.014299889102900835,0.0003502013657853266,0.0009922372030584253,0.0021595750890095137
reel,"Keep going! Hard work will pay off in the end! 

What I did:
1. Strength training: 3-5x a week
2. Cardio: 10k steps everyday + 15-25 min of treadmill/stairmaster after each workout 
3. Calorie Deficit: Cut 500 calories off my regular daily calorie intake (can inc/dec depending on goals)
4. Balanced nutrition: Following 80/20 rule (80% healthy foods)
5. Hydration: Drinking 2-3 litres per day 
.
.
.
.
.
.
.
#gym #gymmotivation #dyfne #gymlife #girlswholift #weightlosstransformation #womenwholift #girlpower",2025-05-26 21:31:25-07:00,7536,82,1603,2927,144992,134906,80,8,True,False,transformation,21,Monday,May,True,0.05197528139483558,0.0005655484440520856,0.011055782387993821,0.02018732067976164
reel,"The ""almost crying"" and double chin isn't seducing anyone 😂😂😂 credit: @johnnavictoriaa 

.
.
.
.
#gym #gymmotivation #dyfne #womenwholift #girlswholift #weightlosstransformation #gymlife #girls",2025-05-25 22:30:54-07:00,460,6,188,238,20102,18668,23,8,False,False,other,22,Sunday,May,False,0.02288329519450801,0.0002984777634066262,0.00935230325340762,0.01183961794846284
reel,"Love gym makeup 💄 

Wearing 
@cerave facial moisturizer lotion SPF 30
@elfcosmetics power grip primer + 4% niacinamide 
Instant lift brow pencil - deep brown
@toofaced Cloud crush blush - watermelon rain
@maybelline r eraser - 121 
Sky High mascara - true brown 
@sephora rouge gel lip liner 
@hudabeauty loose baking and setting powder - peach pie 
Liquid matte - Muse 
 @charlottetilbury air brush setting spray",2025-05-22 21:56:02-07:00,190,5,23,31,13866,13704,65,0,True,False,other,21,Thursday,May,False,0.01370258185489687,0.0003605942593393913,0.0016587335929612,0.002235684407904226
reel,Restaurant was amazing! #vancouver #foodreview #dumplings,2025-05-18 15:00:14-07:00,87,2,4,22,10093,9899,6,3,False,False,other,15,Sunday,May,False,0.008619835529574953,0.00019815713861091845,0.0003963142772218369,0.002179728524720103
reel,"Had such a great night 🥹🥹 

Wearing 
@cerave facial moisturizer lotion SPF 30
@elfcosmetics power grip primer + 4% niacinamide 
Instant lift brow pencil - deep brown
@toofaced foundation born this way - warm nude 
Longwear matte bronzer - chocolate soeid 
Cloud crush blush - watermelon rain
@maybelline corrector eraser - 121 
Sky High mascara - true brown 
@sephora rouge gel lip liner 
@hudabeauty loose baking and setting powder - peach pie 
Liquid matte - Muse 
@rarebeauty - liquid blush - Hope
 @charlottetilbury air brush setting spray",2025-05-17 11:09:45-07:00,182,5,11,23,11402,11263,86,0,True,False,other,11,Saturday,May,False,0.015962111910191194,0.00043851955797228557,0.0009647430275390282,0.0020171899666725137
reel,Different environments spot different versions of you (17 vs 22),2025-05-15 16:00:18-07:00,116,5,6,14,11298,11862,10,0,False,False,other,16,Thursday,May,False,0.010267303947601345,0.00044255620463798905,0.0005310674455655868,0.0012391573729863693
reel,Absolutely incredible 4 month transformation on one of my clients (me) #weightlosstransformation #womenwholift #girlswholift #dyfne,2025-05-13 13:54:43-07:00,494,15,300,474,28209,26293,15,4,False,False,transformation,13,Tuesday,May,False,0.01751214151511929,0.0005317451877060512,0.010634903754121025,0.01680314793151122
reel,Sometimes the scale doesn't always define progress #weightlosstranformation #girlssupportinggirls #girlswholift #health #dyfne,2025-05-11 14:41:12-07:00,184,5,70,96,20020,18662,12,5,False,False,other,14,Sunday,May,False,0.00919080919080919,0.00024975024975024975,0.0034965034965034965,0.004795204795204795
reel,No pain no gains #gym,2025-05-09 09:52:13-07:00,190,4,36,66,14963,14353,5,1,False,False,other,9,Friday,May,False,0.012697988371315912,0.00026732607097507187,0.0024059346387756467,0.004410880171088686
reel,All black 🖤#gym #gymmotivation #gymlife #gymtime,2025-05-08 11:45:40-07:00,97,7,19,42,10045,9305,6,4,False,False,other,11,Thursday,May,False,0.009656545545047288,0.0006968641114982578,0.0018914883026381285,0.004181184668989547
reel,Love this outfit 🥴😫,2025-05-07 08:29:57-07:00,155,2,34,51,10732,9667,3,0,False,False,other,8,Wednesday,May,False,0.01444278792396571,0.00018635855385762206,0.003168095415579575,0.004752143123369363
reel,I lost so much weight in 2 months (Feb 17 2025 vs April 25 2025) #weightloss #weightlosstransformation,2025-05-06 11:37:58-07:00,6178,45,5345,3375,276855,268221,17,2,False,False,other,11,Tuesday,May,False,0.022314930198118147,0.000162539957739611,0.019306134980404906,0.012190496830470824
reel,Still need to build them triceps 😔 #gym #gymtime,2025-05-06 11:17:15-07:00,171,3,38,94,8628,8967,8,2,False,False,other,11,Tuesday,May,False,0.019819193324061197,0.0003477051460361613,0.00440426518312471,0.010894761242466388
reel,glutes + hammies 🙌 #gym #gymmotivation,2025-05-03 16:13:56-07:00,165,2,60,84,9492,9644,5,2,False,False,workout,16,Saturday,May,False,0.01738305941845765,0.00021070375052675939,0.006321112515802781,0.008849557522123894
reel,Don't let people undervalue your achievements🏆 #gymtok #gymmotivation,2025-05-02 16:09:04-07:00,151,1,26,69,8451,8482,8,2,False,False,other,16,Friday,May,False,0.017867707963554608,0.00011832919181161993,0.003076558987102118,0.008164714235001775
reel,It's giving ⌛️ #gymmotivation #gym,2025-05-01 16:39:23-07:00,75,1,5,14,5649,5546,4,2,False,False,other,16,Thursday,May,False,0.013276686139139671,0.0001770224818551956,0.0008851124092759781,0.0024783147459727386
reel,Can you guess which exercise is my fav? #gym #gymmotivation,2025-04-30 17:55:16-07:00,171,6,35,87,8001,8612,10,2,False,False,other,17,Wednesday,April,False,0.021372328458942633,0.0007499062617172854,0.004374453193350831,0.010873640794900637
reel,I guess that makes me bulky then #gym #gymlife,2025-04-28 17:31:48-07:00,130,2,23,58,7400,8393,9,2,False,False,other,17,Monday,April,False,0.01756756756756757,0.0002702702702702703,0.003108108108108108,0.007837837837837838
reel,Legs were BURNING 🥵 #gym #quads,2025-04-27 14:41:56-07:00,156,5,105,106,7372,7766,5,2,False,False,other,14,Sunday,April,False,0.021161150298426478,0.0006782419967444384,0.014243081931633208,0.014378730330982095
reel,When you choose yourself everything else will choose you too ✨✨,2025-04-25 20:41:56-07:00,105,3,22,47,6942,7802,10,0,False,False,other,20,Friday,April,False,0.01512532411408816,0.000432152117545376,0.0031691155286660906,0.0067703831748775565
reel,Meals to build up metabolism and protein intake!,2025-04-21 12:53:34-07:00,86,4,15,45,5014,5956,8,0,False,False,recipe,12,Monday,April,False,0.017151974471479856,0.0007977662544874351,0.002991623454327882,0.008974870362983646
reel,My back day ✨✨,2025-04-19 18:17:34-07:00,112,3,17,37,6783,7352,3,0,False,False,other,18,Saturday,April,False,0.016511867905056758,0.0004422821760283061,0.002506265664160401,0.005454813504349108
reel,I loveeee back day,2025-04-18 13:49:58-07:00,86,4,5,21,5202,5574,4,0,False,False,other,13,Friday,April,False,0.01653210303729335,0.0007689350249903883,0.0009611687812379854,0.004036908881199538
reel,Leg day at my new gym #legs,2025-04-17 08:28:01-07:00,102,5,42,56,5662,5682,7,1,False,False,workout,8,Thursday,April,False,0.018014835747085834,0.0008830801836806782,0.007417873542917697,0.009890498057223597
